{"cameraMode":{"drawMode":0,"name":"Shaded","section":"Shading Mode"},"sceneLighting":true,"audioPlay":false,"sceneViewState":{"showFog":true,"showMaterialUpdate":true,"showSkybox":false,"showFlares":true,"showImageEffects":true,"showParticleSystems":true},"in2DMode":false,"pivot":{"x":4.848738193511963,"y":-8.987056732177735,"z":7.99283504486084},"rotation":{"x":-0.47016221284866335,"y":-0.09052236378192902,"z":0.04855278506875038,"w":-0.8765825033187866},"size":21.589567184448243,"orthographic":false}