{"cameraMode":{"drawMode":0,"name":"Shaded","section":"Shading Mode"},"sceneLighting":true,"audioPlay":false,"sceneViewState":{"showFog":true,"showMaterialUpdate":true,"showSkybox":false,"showFlares":true,"showImageEffects":true,"showParticleSystems":true},"in2DMode":false,"pivot":{"x":-0.5136933326721191,"y":-4.5749101638793949,"z":-0.6165990829467773},"rotation":{"x":-0.18046508729457856,"y":0.8195343613624573,"z":-0.38412991166114809,"w":-0.3850192427635193},"size":15.748931884765625,"orthographic":false}